{
  "posts": [
    {
      "id": 1,
      "title": "json-server",
      "author": "typicode"
    }
  ],
  "user": [
    {
      "first_name": "sam",
      "last_name": "charles",
      "phoneNumber": "8855224455",
      "email": "sam@gmail.com",
      "password": "sam1",
      "id": 1
    }
  ],
  "doctor": [
    {
      "first_name": "Dr. Ram",
      "last_name": "T",
      "phoneNumber": "8899552266",
      "email": "ramgmail.com",
      "speciality": "ortho",
      "password": "1234",
      "id": 1
    }
  ],
  "appointment": []
}